experimentId,datasetSize,datasetSeed,experimentSeed,initialStrategy,coolingRate,neighborsPerTemp,maxTempIterations,minTemp,maxInitialTemp,minInitialTemp,initialFitness,initialHardViolation,initialSoftPenalty,bestEnergy,hardViolation,softPenalty,iterations,totalNeighborEvals,runtimeMs,hardConstraintWeight,feasible
baseline-SMALL-s20260901,SMALL,20260901,20260901,GREEDY,0.95,20,5000,0.1,1000,10,2235,0,83.8,650,0,25.799999999999997,180,3600,251,60801,true
baseline-SMALL-s20260902,SMALL,20260901,20260902,GREEDY,0.95,20,5000,0.1,1000,10,2235,0,83.8,610,0,24.2,180,3600,114,60801,true
baseline-SMALL-s20260903,SMALL,20260901,20260903,GREEDY,0.95,20,5000,0.1,1000,10,2235,0,83.8,740,0,30.799999999999997,180,3600,88,60801,true
baseline-SMALL-s20260904,SMALL,20260901,20260904,GREEDY,0.95,20,5000,0.1,1000,10,2235,0,83.8,715,0,29.8,180,3600,94,60801,true
baseline-SMALL-s20260905,SMALL,20260901,20260905,GREEDY,0.95,20,5000,0.1,1000,10,2235,0,83.8,715,0,31.200000000000003,180,3600,84,60801,true
baseline-SMALL-s20260906,SMALL,20260901,20260906,GREEDY,0.95,20,5000,0.1,1000,10,2235,0,83.8,665,0,26.53333333333333,180,3600,79,60801,true
baseline-SMALL-s20260907,SMALL,20260901,20260907,GREEDY,0.95,20,5000,0.1,1000,10,2235,0,83.8,744.9999999999998,0,28.799999999999994,180,3600,78,60801,true
baseline-SMALL-s20260908,SMALL,20260901,20260908,GREEDY,0.95,20,5000,0.1,1000,10,2235,0,83.8,735,0,31.133333333333333,180,3600,87,60801,true
baseline-SMALL-s20260909,SMALL,20260901,20260909,GREEDY,0.95,20,5000,0.1,1000,10,2235,0,83.8,689.9999999999999,0,28.13333333333333,180,3600,94,60801,true
baseline-SMALL-s20260910,SMALL,20260901,20260910,GREEDY,0.95,20,5000,0.1,1000,10,2235,0,83.8,765,0,29.866666666666667,180,3600,85,60801,true
baseline-MEDIUM-s20260901,MEDIUM,20260901,20260901,GREEDY,0.95,20,5000,0.1,1000,10,8520,0,310.2,3340,0,132.86666666666667,180,3600,296,199401,true
baseline-MEDIUM-s20260902,MEDIUM,20260901,20260902,GREEDY,0.95,20,5000,0.1,1000,10,8520,0,310.2,3685,0,147.06666666666666,180,3600,251,199401,true
baseline-MEDIUM-s20260903,MEDIUM,20260901,20260903,GREEDY,0.95,20,5000,0.1,1000,10,8520,0,310.2,3320,0,131.20000000000002,180,3600,239,199401,true
baseline-MEDIUM-s20260904,MEDIUM,20260901,20260904,GREEDY,0.95,20,5000,0.1,1000,10,8520,0,310.2,3474.999999999999,0,138.5333333333333,180,3600,256,199401,true
baseline-MEDIUM-s20260905,MEDIUM,20260901,20260905,GREEDY,0.95,20,5000,0.1,1000,10,8520,0,310.2,3504.999999999999,0,140.9333333333333,180,3600,248,199401,true
baseline-MEDIUM-s20260906,MEDIUM,20260901,20260906,GREEDY,0.95,20,5000,0.1,1000,10,8520,0,310.2,3260,0,133.53333333333333,180,3600,224,199401,true
baseline-MEDIUM-s20260907,MEDIUM,20260901,20260907,GREEDY,0.95,20,5000,0.1,1000,10,8520,0,310.2,3544.9999999999995,0,141.13333333333333,180,3600,244,199401,true
baseline-MEDIUM-s20260908,MEDIUM,20260901,20260908,GREEDY,0.95,20,5000,0.1,1000,10,8520,0,310.2,3410,0,136.66666666666666,180,3600,235,199401,true
baseline-MEDIUM-s20260909,MEDIUM,20260901,20260909,GREEDY,0.95,20,5000,0.1,1000,10,8520,0,310.2,3274.999999999999,0,130.33333333333331,180,3600,241,199401,true
baseline-MEDIUM-s20260910,MEDIUM,20260901,20260910,GREEDY,0.95,20,5000,0.1,1000,10,8520,0,310.2,3090,0,124.86666666666667,180,3600,259,199401,true
baseline-LARGE-s20260901,LARGE,20260901,20260901,GREEDY,0.95,20,5000,0.1,1000,10,19385.000000000004,0,710.0000000000001,9770.000000000004,0,382.0666666666668,180,3600,802,458251,true
baseline-LARGE-s20260902,LARGE,20260901,20260902,GREEDY,0.95,20,5000,0.1,1000,10,19385.000000000004,0,710.0000000000001,10190.000000000002,0,391.46666666666675,180,3600,832,458251,true
baseline-LARGE-s20260903,LARGE,20260901,20260903,GREEDY,0.95,20,5000,0.1,1000,10,19385.000000000004,0,710.0000000000001,9305.000000000004,0,366.5333333333335,180,3600,839,458251,true
baseline-LARGE-s20260904,LARGE,20260901,20260904,GREEDY,0.95,20,5000,0.1,1000,10,19385.000000000004,0,710.0000000000001,9455.000000000004,0,377.0666666666668,180,3600,784,458251,true
baseline-LARGE-s20260905,LARGE,20260901,20260905,GREEDY,0.95,20,5000,0.1,1000,10,19385.000000000004,0,710.0000000000001,9930.000000000004,0,388.4666666666668,180,3600,951,458251,true
baseline-LARGE-s20260906,LARGE,20260901,20260906,GREEDY,0.95,20,5000,0.1,1000,10,19385.000000000004,0,710.0000000000001,10180.000000000002,0,405.2000000000001,180,3600,828,458251,true
baseline-LARGE-s20260907,LARGE,20260901,20260907,GREEDY,0.95,20,5000,0.1,1000,10,19385.000000000004,0,710.0000000000001,9955.000000000004,0,387.20000000000016,180,3600,921,458251,true
baseline-LARGE-s20260908,LARGE,20260901,20260908,GREEDY,0.95,20,5000,0.1,1000,10,19385.000000000004,0,710.0000000000001,9845.000000000002,0,386.9333333333334,180,3600,793,458251,true
baseline-LARGE-s20260909,LARGE,20260901,20260909,GREEDY,0.95,20,5000,0.1,1000,10,19385.000000000004,0,710.0000000000001,9690.000000000004,0,384.3333333333335,180,3600,804,458251,true
baseline-LARGE-s20260910,LARGE,20260901,20260910,GREEDY,0.95,20,5000,0.1,1000,10,19385.000000000004,0,710.0000000000001,9270,0,365.1333333333334,180,3600,930,458251,true